[{"pk": 1, "model": "view.license", "fields": {"url": "http:\/\/creativecommons.org\/licenses\/publicdomain\/", "name": "Public Domain"}}, {"pk": 2, "model": "view.license", "fields": {"url": "http:\/\/creativecommons.org\/licenses\/by\/3.0\/", "name": "Creative Commons Attribution"}}, {"pk": 3, "model": "view.license", "fields": {"url": "http:\/\/openaerialmap.org\/licensing\/", "name": "Unknown"}}, {"pk": 1, "model": "view.agent", "fields": {"url": "http:\/\/www.i3.com\/", "attribution": "i-Cubed", "name": "i-Cubed"}}, {"pk": 2, "model": "view.agent", "fields": {"url": "http:\/\/www.nasa.gov\/", "attribution": "NASA", "name": "NASA Earth Observatory"}}, {"pk": 3, "model": "view.agent", "fields": {"url": "http:\/\/www.johnstonnc.com\/", "attribution": "Johnston County Government", "name": "Johnston County Government"}}, {"pk": 4, "model": "view.agent", "fields": {"url": "http:\/\/www.co.lewis-clark.mt.us\/index.php?id=28", "attribution": "City of Helena", "name": "City of Helena - Lewis & Clark County GIS Center"}}, {"pk": 5, "model": "view.agent", "fields": {"url": "http:\/\/pictearth.com\/", "attribution": "Pict'Earth", "name": "Pict'Earth"}}, {"pk": 6, "model": "view.agent", "fields": {"url": "ftp:\/\/coageoid01.ci.austin.tx.us\/GIS-Data\/Regional\/coa_gis.html", "attribution": "City of Austin", "name": "City of Austin GIS"}}, {"pk": 7, "model": "view.agent", "fields": {"url": " ", "attribution": "USDA", "name": "North Dakota USDA-NRCS"}}, {"pk": 8, "model": "view.agent", "fields": {"url": "http:\/\/seamless.usgs.gov\/Website\/Seamless\/products\/listofortho.asp", "attribution": "USGS", "name": "USGS Seamless"}}, {"pk": 9, "model": "view.agent", "fields": {"url": "http:\/\/mapserver.cmf.nrl.navy.mil\/", "attribution": "NRL and USGS", "name": "Naval Research Laboratory and USGS"}}, {"pk": 10, "model": "view.agent", "fields": {"url": "http:\/\/mass.gov\/mgis\/", "attribution": "MassGIS", "name": "Office of Geographic and Environmental Information (MassGIS), Commonwealth of Massachusetts Executive Office of Environmental Affairs"}}, {"pk": 11, "model": "view.agent", "fields": {"url": "http:\/\/crschmidt.net\/", "attribution": "crschmidt", "name": "Christopher Schmidt"}}, {"pk": 12, "model": "view.agent", "fields": {"url": "http:\/\/www.sopac.org", "attribution": "SOPAC", "name": "SOPAC"}}, {"pk": 13, "model": "view.agent", "fields": {"url": " ", "attribution": " ", "name": "City of Merano"}}, {"pk": 14, "model": "view.agent", "fields": {"url": "http:\/\/diydrones.com\/", "attribution": "DIY Drones", "name": "DIYDrones"}}, {"pk": 15, "model": "view.agent", "fields": {"url": "http:\/\/archive.casil.ucdavis.edu\/casil\/remote_sensing\/doq\/index\/", "attribution": "UC Davis", "name": "UCDavis"}}, {"pk": 16, "model": "view.agent", "fields": {"url": "http:\/\/loolee.org\/projects\/aircam\/", "attribution": "Gung Ho", "name": "Gung Ho Photography"}}, {"pk": 17, "model": "view.agent", "fields": {"url": "http:\/\/www.comune.merano.bz.it\/", "attribution": "Comune di Merano, Ufficio Urbanistica, Servizio GIS", "name": "Comune di Merano"}}, {"pk": 18, "model": "view.agent", "fields": {"url": "http:\/\/downloads.ddti.net\/ErieOH\/", "attribution": "Erie County", "name": "Erie County"}}, {"pk": 19, "model": "view.agent", "fields": {"url": "http:\/\/www.nd.gov\/gis\/", "attribution": "North Dakota GIS", "name": "North Dakota GIS"}}, {"pk": 20, "model": "view.agent", "fields": {"url": "http:\/\/nris.mt.gov\/", "attribution": "Montana NRIS", "name": "Montana National Resource Information Center"}}, {"pk": 21, "model": "view.agent", "fields": {"url": "http:\/\/wiki.openaerialmap.org\/User:Han013", "attribution": "Hermann Schwarzler", "name": "Hermann Schwarzler"}}, {"pk": 22, "model": "view.agent", "fields": {"url": "http:\/\/www.gurkensalat.com\/geostuff\/", "attribution": "Public Domain", "name": "Hakan Tandogan"}}, {"pk": 23, "model": "view.agent", "fields": {"url": "http:\/\/fcgov.com\/gis\/", "attribution": "City of Fort Collins", "name": "City of Fort Collins GIS Office"}}, {"pk": 1, "model": "view.datasource", "fields": {"attribution": "i-Cubed", "name": "i-Cubed Landsat", "license": 3, "url": "http:\/\/hypercube.telascience.org\/cgi-bin\/landsat7?request=GetCapabilities&Service=WMS&Version=1.1.1", "agent": 1, "date": "2007-11-03", "description": "The i-Cubed Landsat processing is hosted by TelaScience, and used by organizations like WorldWind. The data is a visual color fusion.<br \/>There is currently some question as to the licensing terms for this data. This is being resolved as quickly as possible. Until then, it is best to assume that this imagery can not be used outside of OpenAerialMap. "}}, {"pk": 2, "model": "view.datasource", "fields": {"attribution": "NASA", "name": "Blue Marble Next Generation", "license": 1, "url": "http:\/\/visibleearth.nasa.gov\/view_detail.php?id=7108", "agent": 2, "date": "2004-09-01", "description": "A true color earth dataset including seasonal dynamics from MODIS. Published by the NASA Earth Observatory."}}, {"pk": 3, "model": "view.datasource", "fields": {"attribution": "Johnston County Government", "name": "Digital Orthophotos, Johnston County, NC", "license": 2, "url": "http:\/\/www.johnstonnc.com\/files\/gis\/files\/2005orthophotos.htm", "agent": 3, "date": "2005-03-21", "description": "Countywide orthophotos consist of a tiff file format, one file for each 1 inch =200' tax map covering an area of 5000\u2019 X 5000\u2019. Pixel size represents .5' on the ground, color images are 286 meg per tax map grid coverage area. No attributes available. Each tiff has a corresponding enhanced TFW file that contains geographic coordinate system information and data relating to aerial camera, aeial flight, map accuracies etc. These orthos were produced from an aerial flight covering Johnston Co NC on March 15th, 18th , 21st & 29th 2005. Digital Orthophotos were produced from an aerial flight in 2005, spring flying season using digital photogrammety techniques."}}, {"pk": 4, "model": "view.datasource", "fields": {"attribution": "City of Helena", "name": "Helena  High-Resolution Color Orthophotographs", "license": 2, "url": "http:\/\/nris.mt.gov\/nsdi\/nris\/dop_2006_hln.html", "agent": 4, "date": "2006-04-20", "description": "Color orthophotographs of the City of Helena, photogrammetrically compiled from aerial photography flown in April 20, 2006. The project encompasses approximately 44 squares miles of the urban area in and around the City of Helena. The scale of the aerial photography negative was 1 inch =660' exposed at a flight height of 3,500 feet above mean ground level. The resolution for this orthophotograph is 0.0150 meter, or approximately 6 inches."}}, {"pk": 5, "model": "view.datasource", "fields": {"attribution": "Pict'Earth", "name": "Pict'Earth UAV Flight, San Diego Wildfires", "license": 1, "url": "http:\/\/pictearth.com\/2007sdfires.html", "agent": 5, "date": "2007-10-25", "description": "UAV Flight over small area of San Diego, by Pict'Earth."}}, {"pk": 6, "model": "view.datasource", "fields": {"attribution": "City of Austin", "name": "City of Austin 2006 aerial photography", "license": 2, "url": "ftp:\/\/coageoid01.ci.austin.tx.us\/GIS-Data\/Regional\/coa_gis.html", "agent": 6, "date": "2006-06-01", "description": "Year 2006 6 inch true color aerial photography tiles."}}, {"pk": 7, "model": "view.datasource", "fields": {"attribution": "USDA", "name": "2006 North Dakota NAIP ", "license": 2, "url": "http:\/\/www.nd.gov\/gis\/mapsdata\/download\/", "agent": 7, "date": "2006-06-01", "description": "This data set contains imagery from the National Agriculture Imagery Program (NAIP).  NAIP acquires digital ortho imagery during the agricultural growing seasons in the continental U.S. A primary goal of the NAIP program is to enable availability of ortho imagery within one year of acquisition.  This is a 2 meter GSD ortho imagery rectified to within +\/- 10 meters of reference DOQQs."}}, {"pk": 8, "model": "view.datasource", "fields": {"attribution": "USGS", "name": "San Diego, USGS Seamless, 2003", "license": 1, "url": "http:\/\/seamless.usgs.gov\/Website\/Seamless\/products\/listofortho.asp", "agent": 8, "date": "2003-03-01", "description": "San Diego Urban Area orthos, produced by USGS in March of 2003 at .65M\/px. Covers approximately 30% of San Diego County. "}}, {"pk": 9, "model": "view.datasource", "fields": {"attribution": "USGS, NRL", "name": "Afghanistan Rampant Lion Data", "license": 2, "url": "http:\/\/mapserver.cmf.nrl.navy.mil\/", "agent": 9, "date": "2006-08-01", "description": "The digital imagery on this website, consisting of ~ 32,000 individual ortho-photos, was collected by the Naval Research Laboratory (NRL) during Project Rampant Lion I (June-August, 2006). The project was a cooperative research program conducted by NRL and the US Geological Survey, and primarily funded by the Government of Afghanistan with some additional support from the Office of Naval Research and other US Government agencies."}}, {"pk": 11, "model": "view.datasource", "fields": {"attribution": "PictEarth", "name": "Pict'Earth 2007-10-28 Cessna Flight", "license": 1, "url": "http:\/\/strabo.pictearth.com\/projects\/sdfires07\/", "agent": 5, "date": "2007-10-28", "description": "Cessna 172 flight over areas burned by Wildfires"}}, {"pk": 12, "model": "view.datasource", "fields": {"attribution": "PictEarth", "name": "Pict'Earth Tarascon 2007", "license": 1, "url": "http:\/\/strabo.pictearth.com\/projects\/tarascon\/", "agent": 5, "date": "2007-11-22", "description": "Tarascon 2007"}}, {"pk": 13, "model": "view.datasource", "fields": {"attribution": "PictEarth", "name": "Pict'Earth Semag", "license": 1, "url": "http:\/\/strabo.pictearth.com\/projects\/semag\/", "agent": 5, "date": "2007-11-22", "description": "Semag"}}, {"pk": 14, "model": "view.datasource", "fields": {"attribution": "MassGIS", "name": "MassGIS Aerial Imagery", "license": 2, "url": "http:\/\/mass.gov\/mgis\/colororthos2005.htm", "agent": 10, "date": "2005-04-09", "description": "Captured over seven days from April 9 through April 17, 2005."}}, {"pk": 15, "model": "view.datasource", "fields": {"attribution": "Pict'Earth", "name": "Pict'Earth Burning Man 07", "license": 1, "url": "http:\/\/pictearth.com\/burningman.html", "agent": 5, "date": "2007-08-31", "description": "Pict'Earth Imagery from Fractals Cessna 172. Shot with a canon G7 on 2007-08-30 and 2007-08-31. <a href='http:\/\/www.flickr.com\/photos\/pictearth\/sets\/72157601951408001'>Flickr Gallery<\/a>"}}, {"pk": 16, "model": "view.datasource", "fields": {"attribution": "PictEarth", "name": "Pict'Earth St. Malo", "license": 1, "url": "http:\/\/strabo.pictearth.com\/projects\/stmalo\/", "agent": 5, "date": "2007-11-25", "description": "Small mosaic from imagery flown over Carlsbad California with an EasyStar\/N95 setup."}}, {"pk": 17, "model": "view.datasource", "fields": {"attribution": "SOPAC", "name": "Tuvalu Historic Aerial Photographs", "license": 1, "url": "http:\/\/iprc.sopac.org.fj\/geonetwork\/srv\/en\/metadata.show?id=123", "agent": 12, "date": "1984-07-19", "description": "Historic Aerial Photographs of Funafuti, Tuvalu"}}, {"pk": 18, "model": "view.datasource", "fields": {"attribution": "DIY Drones", "name": "Alameda", "license": 2, "url": "http:\/\/diydrones.com\/profiles\/blog\/show?id=705844%3ABlogPost%3A3667", "agent": 14, "date": "2007-11-27", "description": "Alameda"}}, {"pk": 19, "model": "view.datasource", "fields": {"attribution": "UC Davis", "name": "California 2005 NAIP Imagery", "license": 1, "url": "http:\/\/archive.casil.ucdavis.edu\/casil\/remote_sensing\/doq\/index\/", "agent": 15, "date": "2005-06-01", "description": "2005 California NAIP imagery."}}, {"pk": 20, "model": "view.datasource", "fields": {"attribution": "Pict'Earth", "name": "Pict'Earth Boulouris", "license": 1, "url": "http:\/\/strabo.pictearth.com\/projects\/", "agent": 5, "date": "2007-11-28", "description": "Boulouris"}}, {"pk": 21, "model": "view.datasource", "fields": {"attribution": "Gung Ho", "name": "Kelsall Village", "license": 1, "url": "http:\/\/loolee.org\/projects\/aircam\/Presentation\/HousingProj\/", "agent": 16, "date": "2007-11-28", "description": "Kelsall Village!"}}, {"pk": 22, "model": "view.datasource", "fields": {"attribution": "Pict'Earth", "name": "Pict'Earth Angeiroun", "license": 1, "url": "http:\/\/strabo.pictearth.com\/projects\/angeiroun\/", "agent": 5, "date": "2007-11-29", "description": "Angeiroun"}}, {"pk": 23, "model": "view.datasource", "fields": {"attribution": "Comune di Merano, Ufficio Urbanistica, Servizio GIS", "name": "Merano", "license": 2, "url": "http:\/\/www.comune.merano.bz.it\/", "agent": 17, "date": "2006-05-05", "description": "Orthophotos of the city of Merano"}}, {"pk": 24, "model": "view.datasource", "fields": {"attribution": "Erie County", "name": "Erie County's 2006 Aerial Photography", "license": 2, "url": "http:\/\/downloads.ddti.net\/ErieOH\/", "agent": 18, "date": "2006-06-01", "description": "Provided by Digital Data Technologies, Inc."}}, {"pk": 25, "model": "view.datasource", "fields": {"attribution": "Cities of Bismarck, Mandan", "name": "Bismarck-Mandan Mosaic", "license": 2, "url": "http:\/\/www.nd.gov\/gis\/mapsdata\/download\/", "agent": 19, "date": "2005-06-01", "description": "The combined Bismarck and Mandan aerial photography on the GIS Hub is courtesy of the City of Bismarck and the City of Mandan. Note that the MrSID file size is very large and is listed alongside the file in the directory. Please also note the TXT file which provide metadata and the PDF file for the extent of the photography."}}, {"pk": 26, "model": "view.datasource", "fields": {"attribution": "Pict'Earth", "name": "PictEarth Sasse", "license": 1, "url": "http:\/\/strabo.pictearth.com\/projects\/sasse\/", "agent": 5, "date": "2007-12-01", "description": "Sasse"}}, {"pk": 27, "model": "view.datasource", "fields": {"attribution": "Pict'Earth", "name": "PictEarth Skyhaven", "license": 1, "url": "http:\/\/strabo.pictearth.com\/projects\/skyhaven\/", "agent": 5, "date": "2007-12-01", "description": "Skyhaven"}}, {"pk": 28, "model": "view.datasource", "fields": {"attribution": "PictEarth", "name": "PictEarth Montagnette", "license": 1, "url": "http:\/\/strabo.pictearth.com\/projects\/montagnette\/", "agent": 5, "date": "2007-12-01", "description": "Montagnette"}}, {"pk": 29, "model": "view.datasource", "fields": {"attribution": "Pict'Earth", "name": "PictEarth Torrey Pines", "license": 1, "url": "http:\/\/strabo.pictearth.com\/projects\/torrey-pines\/", "agent": 5, "date": "2007-12-01", "description": "Torrey Pines"}}, {"pk": 30, "model": "view.datasource", "fields": {"attribution": "Montana NRIS", "name": "Montana NAIP 2005", "license": 1, "url": "http:\/\/www.nris.mt.gov\/nsdi\/orthophotos\/naip_2005.asp", "agent": 20, "date": "2005-06-01", "description": "Natural-Color Aerial Photos of Montana, 2005 U.S. Farm Services Agency National Agricultural Imagery Program (NAIP)"}}, {"pk": 1, "model": "view.recordtypes", "fields": {"type": "WMS", "template": "wms.tmpl"}}, {"pk": 2, "model": "view.recordtypes", "fields": {"type": "GeoTIFF", "template": "geotiff.tmpl"}}, {"pk": 3, "model": "view.recordtypes", "fields": {"type": "Tile Index", "template": "tile_index.tmpl"}}, {"pk": 1, "model": "view.datarecord", "fields": {"max_scale": 3000000.0, "min_scale": 1500.0, "type": 1, "data_resolution": 15.0, "datasource": 1, "extent": "-180,-90,180,90", "active": "t", "layername": "landsat7", "data": "http:\/\/hypercube.telascience.org\/cgi-bin\/landsat7"}}, {"pk": 2, "model": "view.datarecord", "fields": {"max_scale": 500000000.0, "min_scale": 3000000.0, "type": 1, "data_resolution": 500.0, "datasource": 2, "extent": "-180,-90,180,90", "active": "t", "layername": "world_topo_bathy", "data": "http:\/\/wms.telascience.org\/cgi-bin\/ngBM_wms?STYLES=&TIME=2004-09"}}, {"pk": 3, "model": "view.datarecord", "fields": {"max_scale": 500000.0, "min_scale": 1.5, "type": 3, "data_resolution": 0.015, "datasource": 3, "extent": "-78.7152996,35.2438538,-78.0554968,35.824123", "active": "t", "layername": "empty", "data": "\/optistor\/viz\/openaerialmap\/datasources\/3\/index.shp"}}, {"pk": 4, "model": "view.datarecord", "fields": {"max_scale": 200000.0, "min_scale": 15.0, "type": 3, "data_resolution": 0.15, "datasource": 4, "extent": "-112.1077457,46.5401154,-111.9527154,46.6484834", "active": "t", "layername": "none", "data": "\/optistor\/viz\/openaerialmap\/datasources\/4\/index.shp"}}, {"pk": 5, "model": "view.datarecord", "fields": {"max_scale": 50000.0, "min_scale": 1.0, "type": 2, "data_resolution": 0.01, "datasource": 5, "extent": "-117.0162317,33.0341446,-117.0105999,33.0382503", "active": "t", "layername": "none", "data": "\/optistor\/viz\/openaerialmap\/datasources\/5\/pict-earth-1_20071025.tiff"}}, {"pk": 6, "model": "view.datarecord", "fields": {"max_scale": 50000.0, "min_scale": 1.0, "type": 2, "data_resolution": 0.01, "datasource": 5, "extent": "-117.1799563,33.0131861,-117.1753238,33.0171733", "active": "t", "layername": "none", "data": "\/optistor\/viz\/openaerialmap\/datasources\/5\/pict-earth-2_20071025.tiff"}}, {"pk": 7, "model": "view.datarecord", "fields": {"max_scale": 1500000.0, "min_scale": 1000.0, "type": 3, "data_resolution": 2.0, "datasource": 7, "extent": "-103.023986186105745,49.024517433391999,-98.93264560945255,46.319128635253719", "active": "t", "layername": "index", "data": "\/optistor\/viz\/openaerialmap\/datasources\/7\/index.shp"}}, {"pk": 8, "model": "view.datarecord", "fields": {"max_scale": 300000.0, "min_scale": 100.0, "type": 3, "data_resolution": 0.015, "datasource": 6, "extent": "-98.3128218676,29.984149824,-97.2963796518,30.7034071123", "active": "t", "layername": "none", "data": "\/optistor\/viz\/openaerialmap\/datasources\/6\/index.shp"}}, {"pk": 9, "model": "view.datarecord", "fields": {"max_scale": 500000.0, "min_scale": 100.0, "type": 3, "data_resolution": 0.65, "datasource": 8, "extent": "-117.672935694,32.4219930303,-116.745627345,33.5038527702", "active": "t", "layername": "none", "data": "\/optistor\/viz\/openaerialmap\/datasources\/8\/index.shp"}}, {"pk": 10, "model": "view.datarecord", "fields": {"max_scale": 100000.0, "min_scale": 100.0, "type": 3, "data_resolution": 1.0, "datasource": 9, "extent": "69.9999955,34.3333228,70.5000107,34.5000046", "active": "t", "layername": "none", "data": "\/optistor\/viz\/openaerialmap\/datasources\/9\/index.shp"}}, {"pk": 11, "model": "view.datarecord", "fields": {"max_scale": 50000.0, "min_scale": 1.0, "type": 2, "data_resolution": 0.01, "datasource": 11, "extent": "-117.1252669, 33.0618074, -117.0708066, 33.0861994", "active": "t", "layername": "null", "data": "\/optistor\/viz\/openaerialmap\/datasources\/11\/mosasf.tif"}}, {"pk": 12, "model": "view.datarecord", "fields": {"max_scale": 100000.0, "min_scale": 1.0, "type": 2, "data_resolution": 0.01, "datasource": 12, "extent": "4.6468421, 43.7814495, 4.7028434,43.8322331 ", "active": "t", "layername": "null", "data": "\/optistor\/viz\/openaerialmap\/datasources\/12\/tarascon2007wgs.tif"}}, {"pk": 13, "model": "view.datarecord", "fields": {"max_scale": 50000.0, "min_scale": 1.0, "type": 2, "data_resolution": 0.01, "datasource": 13, "extent": "5.4925965, 43.4504922, 5.5045539,43.4588373 ", "active": "t", "layername": "null", "data": "\/optistor\/viz\/openaerialmap\/datasources\/13\/semagwgs.tif"}}, {"pk": 15, "model": "view.datarecord", "fields": {"max_scale": 100000.0, "min_scale": 3.0, "type": 2, "data_resolution": 0.01, "datasource": 15, "extent": "-119.2386808,40.7551463,-119.2033016,40.7832450", "active": "t", "layername": "None", "data": "\/optistor\/viz\/openaerialmap\/datasources\/15\/bm07-nologo.tif"}}, {"pk": 16, "model": "view.datarecord", "fields": {"max_scale": 50000.0, "min_scale": 1.0, "type": 2, "data_resolution": 0.01, "datasource": 16, "extent": "-117.3590065, 33.1640873,-117.3506114, 33.1668281 ", "active": "t", "layername": "None", "data": "\/optistor\/viz\/openaerialmap\/datasources\/16\/stmalo.tif"}}, {"pk": 17, "model": "view.datarecord", "fields": {"max_scale": 55000.0, "min_scale": 800.0, "type": 2, "data_resolution": 1.0, "datasource": 17, "extent": "179.1853730,-8.5359301,179.2142908,-8.5069943", "active": "t", "layername": "None", "data": "\/optistor\/viz\/openaerialmap\/datasources\/17\/tv_6_fongrafle_4326.tif"}}, {"pk": 18, "model": "view.datarecord", "fields": {"max_scale": 250000.0, "min_scale": 100.0, "type": 3, "data_resolution": 0.5, "datasource": 14, "extent": "-72.7582680626,41.7561015395,-71.2924279171,42.7613535438", "active": "t", "layername": "index", "data": "\/optistor\/viz\/openaerialmap\/datasources\/14\/index.shp"}}, {"pk": 19, "model": "view.datarecord", "fields": {"max_scale": 20000.0, "min_scale": 1.0, "type": 2, "data_resolution": 0.01, "datasource": 18, "extent": "-122.3281721, 37.7919214, -122.3262583, 37.7934109 ", "active": "t", "layername": "None", "data": "\/optistor\/viz\/openaerialmap\/datasources\/18\/alameda.tif"}}, {"pk": 20, "model": "view.datarecord", "fields": {"max_scale": 300000.0, "min_scale": 1.0, "type": 2, "data_resolution": 1.0, "datasource": 19, "extent": "-122.3791479,37.8092874,-122.3083040,37.8781715", "active": "t", "layername": "None", "data": "\/optistor\/viz\/openaerialmap\/datasources\/19\/n37122g3nw_warped.tif"}}, {"pk": 21, "model": "view.datarecord", "fields": {"max_scale": 300000.0, "min_scale": 1.0, "type": 2, "data_resolution": 1.0, "datasource": 19, "extent": "-122.3791025,37.7468259,-122.3083182,37.8157111", "active": "t", "layername": "None", "data": "\/optistor\/viz\/openaerialmap\/datasources\/19\/n37122g3sw_warped.tif"}}, {"pk": 22, "model": "view.datarecord", "fields": {"max_scale": 50000.0, "min_scale": 1.0, "type": 2, "data_resolution": 0.01, "datasource": 20, "extent": "6.8026817, 43.4113565,6.8080552, 43.4136562 ", "active": "t", "layername": "None", "data": "\/optistor\/viz\/openaerialmap\/datasources\/20\/boulouris.tif"}}, {"pk": 23, "model": "view.datarecord", "fields": {"max_scale": 50000.0, "min_scale": 1.0, "type": 2, "data_resolution": 0.01, "datasource": 21, "extent": "-2.7239304, 53.2028002, -2.7148804, 53.2079002 ", "active": "t", "layername": "None", "data": "\/optistor\/viz\/openaerialmap\/datasources\/21\/kelsall.tif"}}, {"pk": 24, "model": "view.datarecord", "fields": {"max_scale": 50000.0, "min_scale": 1.0, "type": 2, "data_resolution": 0.01, "datasource": 22, "extent": "6.3070409, 43.1372882, 6.3123509,43.1420570 ", "active": "t", "layername": "None", "data": "\/optistor\/viz\/openaerialmap\/datasources\/22\/angeiroun.tif"}}, {"pk": 25, "model": "view.datarecord", "fields": {"max_scale": 50000.0, "min_scale": 100.0, "type": 3, "data_resolution": 0.1, "datasource": 23, "extent": "11.136171,46.618850,11.213975,46.694397", "active": "t", "layername": "None", "data": "\/optistor\/viz\/openaerialmap\/datasources\/23\/index.shp"}}, {"pk": 26, "model": "view.datarecord", "fields": {"max_scale": 50000.0, "min_scale": 1.0, "type": 2, "data_resolution": 0.01, "datasource": 26, "extent": " 5.9218028, 44.2505865,5.9199468, 44.2461733 ", "active": "t", "layername": "None", "data": "\/optistor\/viz\/openaerialmap\/datasources\/26\/sasse.tif"}}, {"pk": 27, "model": "view.datarecord", "fields": {"max_scale": 50000.0, "min_scale": 1.0, "type": 2, "data_resolution": 0.01, "datasource": 27, "extent": "-117.2839312,  33.1729824,-117.2814860,33.1751244 ", "active": "t", "layername": "None", "data": "\/optistor\/viz\/openaerialmap\/datasources\/27\/skyhaven.tif"}}, {"pk": 28, "model": "view.datarecord", "fields": {"max_scale": 50000.0, "min_scale": 1.0, "type": 2, "data_resolution": 0.01, "datasource": 28, "extent": "4.6775618, 43.8191486,4.7140843, 43.8480603 ", "active": "t", "layername": "None", "data": "\/optistor\/viz\/openaerialmap\/datasources\/28\/montagnette.tif"}}, {"pk": 29, "model": "view.datarecord", "fields": {"max_scale": 100000.0, "min_scale": 100.0, "type": 3, "data_resolution": 1.0, "datasource": 24, "extent": "-66.8095593337,43.6402515649,-64.5181606623,45.1061921878", "active": "f", "layername": "index", "data": "\/optistor\/viz\/openaerialmap\/datasources\/24\/index.shp"}}, {"pk": 30, "model": "view.datarecord", "fields": {"max_scale": 100000.0, "min_scale": 100.0, "type": 3, "data_resolution": 1.0, "datasource": 25, "extent": "-101.031401057,46.6905600864,-100.929391387,46.926302141", "active": "t", "layername": "index", "data": "\/optistor\/viz\/openaerialmap\/datasources\/25\/index.shp"}}, {"pk": 31, "model": "view.datarecord", "fields": {"max_scale": 50000.0, "min_scale": 1.0, "type": 2, "data_resolution": 0.01, "datasource": 29, "extent": "-117.254983303,32.8896540947,-117.243234141,32.9150134365", "active": "t", "layername": "None", "data": "\/optistor\/viz\/openaerialmap\/datasources\/29\/torrey.tif"}}, {"pk": 32, "model": "view.datarecord", "fields": {"max_scale": 500000.0, "min_scale": 100.0, "type": 3, "data_resolution": 1.0, "datasource": 30, "extent": "-116.084212446,47.1189381369,-115.267456323,49.0121880561", "active": "t", "layername": "None", "data": "\/optistor\/viz\/openaerialmap\/datasources\/30\/index.shp"}}, {"pk": 33, "model": "view.datarecord", "fields": {"max_scale": 1000.0, "min_scale": 100.0, "type": 1, "data_resolution": 1.0, "datasource": 7, "extent": "-180,-90,180,90", "active": "f", "layername": "None", "data": "test"}}]
